name,gender,usage,category
Abasheli,,l,scifi_authors
Abbott,,l,scifi_authors
Abe,,l,scifi_authors
Abernathy,,l,scifi_authors
Abnett,,l,scifi_authors
Ackerman,,l,scifi_authors
Adams,,l,scifi_authors
Aguirre,,l,scifi_authors
Ahern,,l,scifi_authors
Ahmed,,l,scifi_authors
Aikin,,l,scifi_authors
Akers,,l,scifi_authors
Aldiss,,l,scifi_authors
Alexander,,l,scifi_authors
Allen,,l,scifi_authors
Alpers,,l,scifi_authors
Alten,,l,scifi_authors
Altshuller,,l,scifi_authors
Amis,,l,scifi_authors
Anderson,,l,scifi_authors
Andrews,,l,scifi_authors
Anthony,,l,scifi_authors
Anvil,,l,scifi_authors
Applegate,,l,scifi_authors
Arch,,l,scifi_authors
Arnason,,l,scifi_authors
Arthur,,l,scifi_authors
Asaro,,l,scifi_authors
Asher,,l,scifi_authors
Ashton,,l,scifi_authors
Asimov,,l,scifi_authors
Asire,,l,scifi_authors
Asprin,,l,scifi_authors
Attanasio,,l,scifi_authors
Atwood,,l,scifi_authors
Ayerdhal,,l,scifi_authors
Bachman,,l,scifi_authors
Bacigalupi,,l,scifi_authors
Bailey,,l,scifi_authors
Baker,,l,scifi_authors
Ballard,,l,scifi_authors
Banks,,l,scifi_authors
Baraniecki,,l,scifi_authors
Barjavel,,l,scifi_authors
Barnes,,l,scifi_authors
Barnwell,,l,scifi_authors
Barr,,l,scifi_authors
Barreiros,,l,scifi_authors
Barton,,l,scifi_authors
Bass,,l,scifi_authors
Bates,,l,scifi_authors
Baum,,l,scifi_authors
Baxter,,l,scifi_authors
Baydukov,,l,scifi_authors
Bayley,,l,scifi_authors
Bear,,l,scifi_authors
Beaumont,,l,scifi_authors
Beekman,,l,scifi_authors
Beliaev,,l,scifi_authors
Bellamy,,l,scifi_authors
Belyanin,,l,scifi_authors
Bendell,,l,scifi_authors
Benford,,l,scifi_authors
Beresford,,l,scifi_authors
Berezin,,l,scifi_authors
Bergerac,,l,scifi_authors
Bertin,,l,scifi_authors
Bester,,l,scifi_authors
Bethke,,l,scifi_authors
Bierce,,l,scifi_authors
Binder,,l,scifi_authors
Birmingham,,l,scifi_authors
Bischoff,,l,scifi_authors
Bishop,,l,scifi_authors
Bisson,,l,scifi_authors
Bixby,,l,scifi_authors
Blackman,,l,scifi_authors
Blaschke,,l,scifi_authors
Blaylock,,l,scifi_authors
Blish,,l,scifi_authors
Bloch,,l,scifi_authors
Bogdanov,,l,scifi_authors
Bohnhoff,,l,scifi_authors
Bokeili,,l,scifi_authors
Bond,,l,scifi_authors
Bordage,,l,scifi_authors
Born,,l,scifi_authors
Boucher,,l,scifi_authors
Boulle,,l,scifi_authors
Bounds,,l,scifi_authors
Bova,,l,scifi_authors
Brackett,,l,scifi_authors
Bradbury,,l,scifi_authors
Bradley,,l,scifi_authors
Bradshaw,,l,scifi_authors
Brera,,l,scifi_authors
Bretnor,,l,scifi_authors
Brin,,l,scifi_authors
Broderick,,l,scifi_authors
Brooks,,l,scifi_authors
Brosnan,,l,scifi_authors
Brown,,l,scifi_authors
Brunner,,l,scifi_authors
Brust,,l,scifi_authors
Bryant,,l,scifi_authors
Bryusov,,l,scifi_authors
Buckell,,l,scifi_authors
Budrys,,l,scifi_authors
Bugrov,,l,scifi_authors
Buis,,l,scifi_authors
Bujold,,l,scifi_authors
Bulgakov,,l,scifi_authors
Bulgarin,,l,scifi_authors
Bulmer,,l,scifi_authors
Bulychev,,l,scifi_authors
Bunch,,l,scifi_authors
Burgess,,l,scifi_authors
Burkin,,l,scifi_authors
Burroughs,,l,scifi_authors
Burstein,,l,scifi_authors
Busby,,l,scifi_authors
Bushkov,,l,scifi_authors
Butcher,,l,scifi_authors
Butler,,l,scifi_authors
Cadigan,,l,scifi_authors
Cady,,l,scifi_authors
Caidin,,l,scifi_authors
Camp,,l,scifi_authors
Capek,,l,scifi_authors
Card,,l,scifi_authors
Carr,,l,scifi_authors
Carter,,l,scifi_authors
Cartmill,,l,scifi_authors
Carver,,l,scifi_authors
Caselberg,,l,scifi_authors
Chalker,,l,scifi_authors
Chandler,,l,scifi_authors
Charnas,,l,scifi_authors
Chaviano,,l,scifi_authors
Cherryh,,l,scifi_authors
Chiang,,l,scifi_authors
Chilton,,l,scifi_authors
Christopher,,l,scifi_authors
Chwedyk,,l,scifi_authors
Citi,,l,scifi_authors
Cixin,,l,scifi_authors
Clair,,l,scifi_authors
Clark,,l,scifi_authors
Clarke,,l,scifi_authors
Clayton,,l,scifi_authors
Clement,,l,scifi_authors
Cleve,,l,scifi_authors
Clifton,,l,scifi_authors
Clough,,l,scifi_authors
Clute,,l,scifi_authors
Cobb,,l,scifi_authors
Coblentz,,l,scifi_authors
Cogswell,,l,scifi_authors
Colburn,,l,scifi_authors
Collins,,l,scifi_authors
Compton,,l,scifi_authors
Coney,,l,scifi_authors
Conklin,,l,scifi_authors
Constantine,,l,scifi_authors
Cook,,l,scifi_authors
Cooper,,l,scifi_authors
Coppel,,l,scifi_authors
Cowper,,l,scifi_authors
Cox,,l,scifi_authors
Cramer,,l,scifi_authors
Crichton,,l,scifi_authors
Crook,,l,scifi_authors
Crowley,,l,scifi_authors
Crumey,,l,scifi_authors
Cummings,,l,scifi_authors
Czerneda,,l,scifi_authors
Dahl,,l,scifi_authors
Daley,,l,scifi_authors
Dalmas,,l,scifi_authors
Daniel,,l,scifi_authors
Dann,,l,scifi_authors
Dantec,,l,scifi_authors
Danvers,,l,scifi_authors
Darlton,,l,scifi_authors
Davidson,,l,scifi_authors
Davis,,l,scifi_authors
Dedman,,l,scifi_authors
Delany,,l,scifi_authors
Denton,,l,scifi_authors
Derleth,,l,scifi_authors
Deutsch,,l,scifi_authors
Diamond,,l,scifi_authors
Dickson,,l,scifi_authors
Dietz,,l,scifi_authors
Disch,,l,scifi_authors
Doctorow,,l,scifi_authors
Donaldson,,l,scifi_authors
Dorsey,,l,scifi_authors
Dowling,,l,scifi_authors
Doyle,,l,scifi_authors
Dozois,,l,scifi_authors
Drake,,l,scifi_authors
Dukaj,,l,scifi_authors
Dunyach,,l,scifi_authors
Edmondson,,l,scifi_authors
Effinger,,l,scifi_authors
Efremov,,l,scifi_authors
Egan,,l,scifi_authors
Elgin,,l,scifi_authors
Ellern,,l,scifi_authors
Ellison,,l,scifi_authors
Elwood,,l,scifi_authors
Emshwiller,,l,scifi_authors
Engh,,l,scifi_authors
Ernsting,,l,scifi_authors
Eschbach,,l,scifi_authors
Eskridge,,l,scifi_authors
Evangelisti,,l,scifi_authors
Evans,,l,scifi_authors
Fancher,,l,scifi_authors
Farouk,,l,scifi_authors
Fast,,l,scifi_authors
Fearn,,l,scifi_authors
Felice,,l,scifi_authors
Ferguson,,l,scifi_authors
Finch,,l,scifi_authors
Finney,,l,scifi_authors
Fisk,,l,scifi_authors
Flammarion,,l,scifi_authors
Flint,,l,scifi_authors
Flynn,,l,scifi_authors
Fontenay,,l,scifi_authors
Ford,,l,scifi_authors
Forstchen,,l,scifi_authors
Forster,,l,scifi_authors
Forward,,l,scifi_authors
Foss,,l,scifi_authors
Foster,,l,scifi_authors
Fowler,,l,scifi_authors
Franke,,l,scifi_authors
Fremion,,l,scifi_authors
Friedman,,l,scifi_authors
Friesner,,l,scifi_authors
Gaiman,,l,scifi_authors
Gallun,,l,scifi_authors
Galouye,,l,scifi_authors
Gardner,,l,scifi_authors
Garfinkle,,l,scifi_authors
Garrett,,l,scifi_authors
Gentle,,l,scifi_authors
George,,l,scifi_authors
Gernsback,,l,scifi_authors
Gerrold,,l,scifi_authors
Geston,,l,scifi_authors
Gibson,,l,scifi_authors
Gilliland,,l,scifi_authors
Gloss,,l,scifi_authors
Godwin,,l,scifi_authors
Goldstein,,l,scifi_authors
Goonan,,l,scifi_authors
Gordon,,l,scifi_authors
Gotlieb,,l,scifi_authors
Goulart,,l,scifi_authors
Grant,,l,scifi_authors
Green,,l,scifi_authors
Greenland,,l,scifi_authors
Greenleaf,,l,scifi_authors
Gresh,,l,scifi_authors
Griffith,,l,scifi_authors
Grimwood,,l,scifi_authors
Gromov,,l,scifi_authors
Grzimek,,l,scifi_authors
Guin,,l,scifi_authors
Gunn,,l,scifi_authors
Haarsma,,l,scifi_authors
Haber,,l,scifi_authors
Haggard,,l,scifi_authors
Hahn,,l,scifi_authors
Haldeman,,l,scifi_authors
Hambly,,l,scifi_authors
Hamilton,,l,scifi_authors
Hand,,l,scifi_authors
Harding,,l,scifi_authors
Harness,,l,scifi_authors
Harper,,l,scifi_authors
Harris,,l,scifi_authors
Harrison,,l,scifi_authors
Hasse,,l,scifi_authors
Hawke,,l,scifi_authors
Hawks,,l,scifi_authors
Tyers,,l,scifi_authors
Heinlein,,l,scifi_authors
Henderson,,l,scifi_authors
Herbert,,l,scifi_authors
Hinz,,l,scifi_authors
Hiroyuki,,l,scifi_authors
Hodgell,,l,scifi_authors
Hodgson,,l,scifi_authors
Hoffman,,l,scifi_authors
Hogan,,l,scifi_authors
Holberg,,l,scifi_authors
Holden,,l,scifi_authors
Holdstock,,l,scifi_authors
Hollis,,l,scifi_authors
Hopkinson,,l,scifi_authors
Hoshi,,l,scifi_authors
Hoyle,,l,scifi_authors
Hubbard,,l,scifi_authors
Huberath,,l,scifi_authors
Hugh,,l,scifi_authors
Hughes,,l,scifi_authors
Hume,,l,scifi_authors
Hunt,,l,scifi_authors
Huxley,,l,scifi_authors
Ing,,l,scifi_authors
Ings,,l,scifi_authors
Iqbal,,l,scifi_authors
Jakes,,l,scifi_authors
Jeschke,,l,scifi_authors
Jeter,,l,scifi_authors
Jeury,,l,scifi_authors
Johnson,,l,scifi_authors
Jones,,l,scifi_authors
Jordan,,l,scifi_authors
Joseph,,l,scifi_authors
Judson,,l,scifi_authors
Kafka,,l,scifi_authors
Kagan,,l,scifi_authors
Kandel,,l,scifi_authors
Kapp,,l,scifi_authors
Kazantsev,,l,scifi_authors
Kelleam,,l,scifi_authors
Kelly,,l,scifi_authors
Kent,,l,scifi_authors
Kerr,,l,scifi_authors
Kessel,,l,scifi_authors
Kettle,,l,scifi_authors
Key,,l,scifi_authors
Keyes,,l,scifi_authors
Kier,,l,scifi_authors
Kiernan,,l,scifi_authors
Killough,,l,scifi_authors
Kimberlin,,l,scifi_authors
King,,l,scifi_authors
Kingsmill,,l,scifi_authors
Kippax,,l,scifi_authors
Kirtley,,l,scifi_authors
Klause,,l,scifi_authors
Kingsbury,,l,scifi_authors
Klein,,l,scifi_authors
Kneale,,l,scifi_authors
Knight,,l,scifi_authors
Koontz,,l,scifi_authors
Kornbluth,,l,scifi_authors
Kratman,,l,scifi_authors
Kress,,l,scifi_authors
Krupkat,,l,scifi_authors
Kube-McDowell,,l,scifi_authors
Kuttner,,l,scifi_authors
Lafferty,,l,scifi_authors
Landis,,l,scifi_authors
Langford,,l,scifi_authors
Lanier,,l,scifi_authors
Larbalestier,,l,scifi_authors
Larson,,l,scifi_authors
Lasswitz,,l,scifi_authors
Laumer,,l,scifi_authors
Lawhead,,l,scifi_authors
Lee,,l,scifi_authors
Lehtonen,,l,scifi_authors
Leiber,,l,scifi_authors
Leinster,,l,scifi_authors
Lem,,l,scifi_authors
Lerner,,l,scifi_authors
Lessing,,l,scifi_authors
Lethem,,l,scifi_authors
Levinson,,l,scifi_authors
Lewis,,l,scifi_authors
Lewitt,,l,scifi_authors
Lichtenberg,,l,scifi_authors
Linaweaver,,l,scifi_authors
Lindbohm,,l,scifi_authors
Lloyd,,l,scifi_authors
London,,l,scifi_authors
Longyear,,l,scifi_authors
Lorrah,,l,scifi_authors
Lovecraft,,l,scifi_authors
Lowry,,l,scifi_authors
Lucas,,l,scifi_authors
Lucian,,l,scifi_authors
Luiken,,l,scifi_authors
Lukyanenko,,l,scifi_authors
Lunan,,l,scifi_authors
Lundwall,,l,scifi_authors
Lupoff,,l,scifi_authors
Macan,,l,scifi_authors
Macedo,,l,scifi_authors
MacIntyre,,l,scifi_authors
Mackelworth,,l,scifi_authors
MacLean,,l,scifi_authors
MacLeod,,l,scifi_authors
MacVicar,,l,scifi_authors
Maddox,,l,scifi_authors
Maine,,l,scifi_authors
Malcolm,,l,scifi_authors
Mallett,,l,scifi_authors
Malzberg,,l,scifi_authors
Manning,,l,scifi_authors
Margulies,,l,scifi_authors
Marley,,l,scifi_authors
Marlowe,,l,scifi_authors
Martin,,l,scifi_authors
Marusek,,l,scifi_authors
Matheson,,l,scifi_authors
May,,l,scifi_authors
Maybury,,l,scifi_authors
McAuley,,l,scifi_authors
McCaffrey,,l,scifi_authors
McCarthy,,l,scifi_authors
McDaniel,,l,scifi_authors
McDevitt,,l,scifi_authors
McDonald,,l,scifi_authors
McHugh,,l,scifi_authors
McIntosh,,l,scifi_authors
McIntyre,,l,scifi_authors
McMahon,,l,scifi_authors
McMullen,,l,scifi_authors
McQuay,,l,scifi_authors
Meaney,,l,scifi_authors
Meek,,l,scifi_authors
Meredith,,l,scifi_authors
Merle,,l,scifi_authors
Merril,,l,scifi_authors
Merritt,,l,scifi_authors
Meyrink,,l,scifi_authors
Mille,,l,scifi_authors
Miller,,l,scifi_authors
Mitchell,,l,scifi_authors
Mitchison,,l,scifi_authors
Mitra,,l,scifi_authors
Moffitt,,l,scifi_authors
Moon,,l,scifi_authors
Moorcock,,l,scifi_authors
Moore,,l,scifi_authors
Moran,,l,scifi_authors
Morgan,,l,scifi_authors
Moriarty,,l,scifi_authors
Morris,,l,scifi_authors
Morrison,,l,scifi_authors
Morrow,,l,scifi_authors
Moskowitz,,l,scifi_authors
Murphy,,l,scifi_authors
Nagata,,l,scifi_authors
Narlikar,,l,scifi_authors
Neff,,l,scifi_authors
Nelder,,l,scifi_authors
Nelson,,l,scifi_authors
Nemere,,l,scifi_authors
Nesvadba,,l,scifi_authors
Neville,,l,scifi_authors
Nielsen,,l,scifi_authors
Nikitin,,l,scifi_authors
Niven,,l,scifi_authors
Nolan,,l,scifi_authors
Noon,,l,scifi_authors
Norman,,l,scifi_authors
North,,l,scifi_authors
Norton,,l,scifi_authors
Nourse,,l,scifi_authors
Nylund,,l,scifi_authors
O'Brien,,l,scifi_authors
Obruchev,,l,scifi_authors
Offutt,,l,scifi_authors
Okorafor,,l,scifi_authors
O'Leary,,l,scifi_authors
Oliver,,l,scifi_authors
Oltion,,l,scifi_authors
Oramus,,l,scifi_authors
Ordway,,l,scifi_authors
Orwell,,l,scifi_authors
Ostrander,,l,scifi_authors
Palmer,,l,scifi_authors
Pangborn,,l,scifi_authors
Panshin,,l,scifi_authors
Patterson,,l,scifi_authors
Pavlou,,l,scifi_authors
Payne,,l,scifi_authors
Peirce,,l,scifi_authors
Pellegrino,,l,scifi_authors
Perry,,l,scifi_authors
Person,,l,scifi_authors
Petaja,,l,scifi_authors
Phillifent,,l,scifi_authors
Phillips,,l,scifi_authors
Phillpotts,,l,scifi_authors
Pierce,,l,scifi_authors
Piercy,,l,scifi_authors
Pierres,,l,scifi_authors
Piper,,l,scifi_authors
Piserchia,,l,scifi_authors
Plante,,l,scifi_authors
Platt,,l,scifi_authors
Plauger,,l,scifi_authors
Plexico,,l,scifi_authors
Poe,,l,scifi_authors
Pohl,,l,scifi_authors
Porges,,l,scifi_authors
Pournelle,,l,scifi_authors
Powers,,l,scifi_authors
Pratchett,,l,scifi_authors
Presslie,,l,scifi_authors
Preuss,,l,scifi_authors
Priest,,l,scifi_authors
Pullman,,l,scifi_authors
Quaglia,,l,scifi_authors
Quick,,l,scifi_authors
Quinn,,l,scifi_authors
Rand,,l,scifi_authors
Rangarajan,,l,scifi_authors
Rasch,,l,scifi_authors
Rawn,,l,scifi_authors
Ray,,l,scifi_authors
Reamy,,l,scifi_authors
Reed,,l,scifi_authors
Remec,,l,scifi_authors
Resnick,,l,scifi_authors
Rey,,l,scifi_authors
Reynolds,,l,scifi_authors
Rice,,l,scifi_authors
Ringo,,l,scifi_authors
Roberts,,l,scifi_authors
Robinson,,l,scifi_authors
Robson,,l,scifi_authors
Rocklynne,,l,scifi_authors
Roddenberry,,l,scifi_authors
Rose,,l,scifi_authors
Rosenberg,,l,scifi_authors
Rosny,,l,scifi_authors
Rothman,,l,scifi_authors
Rotsler,,l,scifi_authors
Rowley,,l,scifi_authors
Rucker,,l,scifi_authors
Rusch,,l,scifi_authors
Russ,,l,scifi_authors
Russell,,l,scifi_authors
Russo,,l,scifi_authors
Ryman,,l,scifi_authors
Saberhagen,,l,scifi_authors
Sagan,,l,scifi_authors
Sakers,,l,scifi_authors
Salgari,,l,scifi_authors
Santos,,l,scifi_authors
Sargent,,l,scifi_authors
Sarrantonio,,l,scifi_authors
Sawyer,,l,scifi_authors
Scalzi,,l,scifi_authors
Schachner,,l,scifi_authors
Scheerbart,,l,scifi_authors
Schmidt,,l,scifi_authors
Schmitz,,l,scifi_authors
Schroeder,,l,scifi_authors
Schulman,,l,scifi_authors
Scithers,,l,scifi_authors
Scortia,,l,scifi_authors
Scyoc,,l,scifi_authors
Sekowski,,l,scifi_authors
Sellings,,l,scifi_authors
Metzger,,l,scifi_authors
Serling,,l,scifi_authors
Shaara,,l,scifi_authors
Shapiro,,l,scifi_authors
Shatner,,l,scifi_authors
Shaver,,l,scifi_authors
Shaw,,l,scifi_authors
Shawl,,l,scifi_authors
Sheckley,,l,scifi_authors
Sheffield,,l,scifi_authors
Shelley,,l,scifi_authors
Shepard,,l,scifi_authors
Shepherd,,l,scifi_authors
Sherred,,l,scifi_authors
Shiel,,l,scifi_authors
Shiner,,l,scifi_authors
Shinn,,l,scifi_authors
Shiras,,l,scifi_authors
Shirley,,l,scifi_authors
Shumil,,l,scifi_authors
Shunn,,l,scifi_authors
Silva,,l,scifi_authors
Silverberg,,l,scifi_authors
Simak,,l,scifi_authors
Simmons,,l,scifi_authors
Sinisalo,,l,scifi_authors
Siodmak,,l,scifi_authors
Sladek,,l,scifi_authors
Sleator,,l,scifi_authors
Slonczewski,,l,scifi_authors
Slusser,,l,scifi_authors
Smith,,l,scifi_authors
Snodgrass,,l,scifi_authors
Sohl,,l,scifi_authors
Soukup,,l,scifi_authors
Spielberg,,l,scifi_authors
Spinrad,,l,scifi_authors
Springer,,l,scifi_authors
Stabenow,,l,scifi_authors
Stableford,,l,scifi_authors
Stackpole,,l,scifi_authors
Stapledon,,l,scifi_authors
Starzl,,l,scifi_authors
Stasheff,,l,scifi_authors
Steakley,,l,scifi_authors
Steele,,l,scifi_authors
Steinmüller,,l,scifi_authors
Stephenson,,l,scifi_authors
Sterling,,l,scifi_authors
Sternberg,,l,scifi_authors
Stevens,,l,scifi_authors
Stiegler,,l,scifi_authors
Stillman,,l,scifi_authors
Stine,,l,scifi_authors
Stirling,,l,scifi_authors
Stith,,l,scifi_authors
Stocco,,l,scifi_authors
Straczynski,,l,scifi_authors
Stross,,l,scifi_authors
Strugatsky,,l,scifi_authors
Sturgeon,,l,scifi_authors
Sucharitkul,,l,scifi_authors
Sutcliffe,,l,scifi_authors
Swanwick,,l,scifi_authors
Swift,,l,scifi_authors
Szameit,,l,scifi_authors
Taine,,l,scifi_authors
Tanaka,,l,scifi_authors
Tanner,,l,scifi_authors
Tapinas,,l,scifi_authors
Tayler,,l,scifi_authors
Taylor,,l,scifi_authors
Tem,,l,scifi_authors
Temple,,l,scifi_authors
Teng,,l,scifi_authors
Tenn,,l,scifi_authors
Tepper,,l,scifi_authors
Terry,,l,scifi_authors
Tevis,,l,scifi_authors
Thurston,,l,scifi_authors
Tiedemann,,l,scifi_authors
Tilley,,l,scifi_authors
Tolstoi,,l,scifi_authors
Tucker,,l,scifi_authors
Turner,,l,scifi_authors
Turtledove,,l,scifi_authors
Turzillo,,l,scifi_authors
Utley,,l,scifi_authors
Vance,,l,scifi_authors
VanderMeer,,l,scifi_authors
Vardeman,,l,scifi_authors
Varley,,l,scifi_authors
Vasilyev,,l,scifi_authors
Vercors,,l,scifi_authors
Verne,,l,scifi_authors
Vinge,,l,scifi_authors
Vogt,,l,scifi_authors
Voltaire,,l,scifi_authors
Vonarburg,,l,scifi_authors
Wagner,,l,scifi_authors
Waldrop,,l,scifi_authors
Wallace,,l,scifi_authors
Walters,,l,scifi_authors
Wandrei,,l,scifi_authors
Watson,,l,scifi_authors
Watt-Evans,,l,scifi_authors
Watts,,l,scifi_authors
Webb,,l,scifi_authors
Weber,,l,scifi_authors
Weinbaum,,l,scifi_authors
Weiss,,l,scifi_authors
Wells,,l,scifi_authors
Wentworth,,l,scifi_authors
Werber,,l,scifi_authors
West,,l,scifi_authors
Westerfeld,,l,scifi_authors
Weyn,,l,scifi_authors
White,,l,scifi_authors
Whitelaw,,l,scifi_authors
Wilder,,l,scifi_authors
Wilhelm,,l,scifi_authors
Williams,,l,scifi_authors
Williamson,,l,scifi_authors
Willis,,l,scifi_authors
Wilson,,l,scifi_authors
Wingrove,,l,scifi_authors
Wisniewski-Snerg,,l,scifi_authors
Witt,,l,scifi_authors
Wnuk-Lipinski,,l,scifi_authors
Wolfe,,l,scifi_authors
Wollheim,,l,scifi_authors
Womack,,l,scifi_authors
Wright,,l,scifi_authors
Wul,,l,scifi_authors
Wyndham,,l,scifi_authors
Yano,,l,scifi_authors
Yolen,,l,scifi_authors
Young,,l,scifi_authors
Yu,,l,scifi_authors
Zahn,,l,scifi_authors
Zajdel,,l,scifi_authors
Zamyatin,,l,scifi_authors
Zebrowski,,l,scifi_authors
Zelazny,,l,scifi_authors
Zetford,,l,scifi_authors
Zettel,,l,scifi_authors
Ziemianski,,l,scifi_authors
Ziemkiewicz,,l,scifi_authors
Ziljak,,l,scifi_authors
Zillig,,l,scifi_authors
Zindell,,l,scifi_authors
Zoline,,l,scifi_authors
Adam,m,f,scifi_authors
Alan,m,f,scifi_authors
Alastair,m,f,scifi_authors
Aldous,,f,scifi_authors
Aleksandar,,f,scifi_authors
Aleksandr,,f,scifi_authors
Aleksei,,f,scifi_authors
Alexander,m,f,scifi_authors
Alexei,,f,scifi_authors
Alexis,,f,scifi_authors
Alfred,m,f,scifi_authors
Algis,,f,scifi_authors
Alistair,m,f,scifi_authors
Allen,m,f,scifi_authors
Ambrose,m,f,scifi_authors
Andre,m,f,scifi_authors
Andreas,m,f,scifi_authors
Andrei,m,f,scifi_authors
Andrew,m,f,scifi_authors
Andrius,m,f,scifi_authors
Andrzej,,f,scifi_authors
Angela,f,f,scifi_authors
Angus,m,f,scifi_authors
Anne,f,f,scifi_authors
Annette,f,f,scifi_authors
Anthony,m,f,scifi_authors
Antonio,m,f,scifi_authors
Archibald,m,f,scifi_authors
Arkady,,f,scifi_authors
Arthur,m,f,scifi_authors
August,m,f,scifi_authors
Avram,,f,scifi_authors
Ayerdhal,,f,scifi_authors
Ayn,,f,scifi_authors
Barbara,f,f,scifi_authors
Barrington,m,f,scifi_authors
Barry,m,f,scifi_authors
Bernard,m,f,scifi_authors
Bradley,m,f,scifi_authors
Brenda,f,f,scifi_authors
Brian,m,f,scifi_authors
Bruce,m,f,scifi_authors
Caitlín,f,f,scifi_authors
Camille,f,f,scifi_authors
Candas,f,f,scifi_authors
Carl,m,f,scifi_authors
Carlos,m,f,scifi_authors
Carol,f,f,scifi_authors
Catherine,f,f,scifi_authors
Chan,m,f,scifi_authors
Cherry,f,f,scifi_authors
Chris,m,f,scifi_authors
Christopher,m,f,scifi_authors
Clare,f,f,scifi_authors
Clark,m,f,scifi_authors
Cleve,m,f,scifi_authors
Clifford,m,f,scifi_authors
Colin,m,f,scifi_authors
Compton,m,f,scifi_authors
Connie,f,f,scifi_authors
Cordwainer,m,f,scifi_authors
Cory,m,f,scifi_authors
Curt,m,f,scifi_authors
Cynthia,f,f,scifi_authors
Cyrano,,f,scifi_authors
Cyril,,f,scifi_authors
Dafydd,,f,scifi_authors
Daina,f,f,scifi_authors
Damien,m,f,scifi_authors
Damon,m,f,scifi_authors
Dan,m,f,scifi_authors
Dana,f,f,scifi_authors
Daniel,m,f,scifi_authors
Darko,,f,scifi_authors
Daryl,m,f,scifi_authors
David,m,f,scifi_authors
Dean,m,f,scifi_authors
Debra,f,f,scifi_authors
Dennis,m,f,scifi_authors
Diana,f,f,scifi_authors
Domingo,m,f,scifi_authors
Don,m,f,scifi_authors
Donald,m,f,scifi_authors
Doris,f,f,scifi_authors
Douglas,m,f,scifi_authors
Duncan,m,f,scifi_authors
Eando,m,f,scifi_authors
Eden,f,f,scifi_authors
Edgar,m,f,scifi_authors
Edmund,m,f,scifi_authors
Edward,m,f,scifi_authors
Edwin,m,f,scifi_authors
Eileen,f,f,scifi_authors
Eleanor,f,f,scifi_authors
Elizabeth,f,f,scifi_authors
Emil,,f,scifi_authors
Emilio,m,f,scifi_authors
Eric,m,f,scifi_authors
Erle,m,f,scifi_authors
Ernest,m,f,scifi_authors
Erroll,,f,scifi_authors
Esther,f,f,scifi_authors
Faddey,m,f,scifi_authors
Forrest,m,f,scifi_authors
Francis,,f,scifi_authors
Franz,m,f,scifi_authors
Frederik,m,f,scifi_authors
Fredric,m,f,scifi_authors
Fritz,m,f,scifi_authors
Frona,f,f,scifi_authors
Fyodor,m,f,scifi_authors
Gardner,m,f,scifi_authors
Gary,m,f,scifi_authors
Ged,m,f,scifi_authors
Gene,f,f,scifi_authors
Genrich,,f,scifi_authors
Gentry,m,f,scifi_authors
Geoff,m,f,scifi_authors
Geoffrey,m,f,scifi_authors
George,m,f,scifi_authors
Giampietro,m,f,scifi_authors
Gillian,f,f,scifi_authors
Glen,m,f,scifi_authors
Gordon,m,f,scifi_authors
Graham,m,f,scifi_authors
Gregory,m,f,scifi_authors
Groff,m,f,scifi_authors
Gustav,m,f,scifi_authors
Gwyneth,f,f,scifi_authors
Hal,m,f,scifi_authors
Hans,m,f,scifi_authors
Harlan,m,f,scifi_authors
Harry,m,f,scifi_authors
Hayford,m,f,scifi_authors
Henry,m,f,scifi_authors
Herbert,m,f,scifi_authors
Hilary,m,f,scifi_authors
Howard,m,f,scifi_authors
Hugh,m,f,scifi_authors
Hugo,m,f,scifi_authors
Humayun,m,f,scifi_authors
Iain,m,f,scifi_authors
Ian,m,f,scifi_authors
Isaac,m,f,scifi_authors
Ivan,m,f,scifi_authors
Jacek,,f,scifi_authors
Jacqueline,f,f,scifi_authors
Jacques,,f,scifi_authors
James,m,f,scifi_authors
Jan,f,f,scifi_authors
Jane,f,f,scifi_authors
Janet,f,f,scifi_authors
Janusz,,f,scifi_authors
Jay,,f,scifi_authors
Jayant,,f,scifi_authors
Jayme,,f,scifi_authors
Jean,,f,scifi_authors
Jeanne,f,f,scifi_authors
Jeff,m,f,scifi_authors
Jeffrey,m,f,scifi_authors
Jerome,m,f,scifi_authors
Jerry,m,f,scifi_authors
Jim,m,f,scifi_authors
Jo,,f,scifi_authors
Joan,f,f,scifi_authors
Joanna,f,f,scifi_authors
Joel,m,f,scifi_authors
Johanna,f,f,scifi_authors
John,m,f,scifi_authors
Jon,m,f,scifi_authors
Jonathan,m,f,scifi_authors
Josef,m,f,scifi_authors
Joseph,m,f,scifi_authors
Judith,f,f,scifi_authors
Judy,f,f,scifi_authors
Jules,,f,scifi_authors
Julian,f,f,scifi_authors
Julie,f,f,scifi_authors
Justina,m,f,scifi_authors
Justine,m,f,scifi_authors
Kage,m,f,scifi_authors
Karel,f,f,scifi_authors
Karen,f,f,scifi_authors
Karl,m,f,scifi_authors
Karlheinz,,f,scifi_authors
Kate,f,f,scifi_authors
Katharine,f,f,scifi_authors
Katherine,f,f,scifi_authors
Kathleen,f,f,scifi_authors
Kathy,f,f,scifi_authors
Keith,m,f,scifi_authors
Kelley,f,f,scifi_authors
Ken,m,f,scifi_authors
Kenneth,m,f,scifi_authors
Kevin,m,f,scifi_authors
Kim,f,f,scifi_authors
Kimmo,f,f,scifi_authors
Kingsley,m,f,scifi_authors
Kir,,f,scifi_authors
Kirk,m,f,scifi_authors
Kobo,,f,scifi_authors
Kris,,f,scifi_authors
Kristi,f,f,scifi_authors
Kristine,f,f,scifi_authors
Kurd,m,f,scifi_authors
Kurt,m,f,scifi_authors
Larry,m,f,scifi_authors
Laura,f,f,scifi_authors
Laurence,m,f,scifi_authors
Lawrence,m,f,scifi_authors
Lee,m,f,scifi_authors
Leigh,,f,scifi_authors
Lela,f,f,scifi_authors
Leo,m,f,scifi_authors
Lester,m,f,scifi_authors
Lewis,m,f,scifi_authors
Lin,f,f,scifi_authors
Linda,f,f,scifi_authors
Lisa,f,f,scifi_authors
Lisanne,f,f,scifi_authors
Liu,f,f,scifi_authors
Liz,f,f,scifi_authors
Lloyd,m,f,scifi_authors
Lois,f,f,scifi_authors
Lucian,m,f,scifi_authors
Lucius,m,f,scifi_authors
Ludvig,m,f,scifi_authors
Luis,,f,scifi_authors
Lynda,f,f,scifi_authors
Mack,m,f,scifi_authors
Malorie,f,f,scifi_authors
Marc,m,f,scifi_authors
Marek,m,f,scifi_authors
Margaret,f,f,scifi_authors
Marge,f,f,scifi_authors
Marianne,f,f,scifi_authors
Marion,f,f,scifi_authors
Mark,m,f,scifi_authors
Martha,f,f,scifi_authors
Martin,m,f,scifi_authors
Mary,f,f,scifi_authors
Massimo,m,f,scifi_authors
Matt,m,f,scifi_authors
Maureen,f,f,scifi_authors
Maurice,f,f,scifi_authors
Max,m,f,scifi_authors
Maya,f,f,scifi_authors
Melanie,f,f,scifi_authors
Melinda,f,f,scifi_authors
Michael,m,f,scifi_authors
Michel,m,f,scifi_authors
Miha,,f,scifi_authors
Mike,m,f,scifi_authors
Mikhail,m,f,scifi_authors
Milton,m,f,scifi_authors
Miquel,m,f,scifi_authors
Molly,f,f,scifi_authors
Monica,f,f,scifi_authors
Morioka,f,f,scifi_authors
Muhammed,m,f,scifi_authors
Murray,m,f,scifi_authors
Nabil,,f,scifi_authors
Nalo,,f,scifi_authors
Nancy,f,f,scifi_authors
Naomi,f,f,scifi_authors
Nat,f,f,scifi_authors
Neal,,f,scifi_authors
Neil,m,f,scifi_authors
Nelson,m,f,scifi_authors
Nicholas,m,f,scifi_authors
Nick,m,f,scifi_authors
Nicola,f,f,scifi_authors
Nicole,f,f,scifi_authors
Nigel,m,f,scifi_authors
Nisi,f,f,scifi_authors
Nnedi,,f,scifi_authors
Norman,m,f,scifi_authors
Octavia,f,f,scifi_authors
Olaf,m,f,scifi_authors
Ondrej,,f,scifi_authors
Orson,m,f,scifi_authors
Oscar,m,f,scifi_authors
Otto,m,f,scifi_authors
Pamela,f,f,scifi_authors
Paolo,m,f,scifi_authors
Pat,m,f,scifi_authors
Patricia,f,f,scifi_authors
Patrick,m,f,scifi_authors
Paul,m,f,scifi_authors
Peter,m,f,scifi_authors
Phil,m,f,scifi_authors
Philip,m,f,scifi_authors
Phyllis,f,f,scifi_authors
Pierre,m,f,scifi_authors
Piers,m,f,scifi_authors
Poul,m,f,scifi_authors
Premendra,f,f,scifi_authors
Rafal,m,f,scifi_authors
Randall,m,f,scifi_authors
Ray,m,f,scifi_authors
Raymond,m,f,scifi_authors
Rebecca,f,f,scifi_authors
Reginald,m,f,scifi_authors
Richard,m,f,scifi_authors
Roald,m,f,scifi_authors
Robert,m,f,scifi_authors
Roberto,m,f,scifi_authors
Rog,m,f,scifi_authors
Roger,m,f,scifi_authors
Roland,m,f,scifi_authors
Roman,m,f,scifi_authors
Ron,m,f,scifi_authors
Ronald,m,f,scifi_authors
Rosel,m,f,scifi_authors
Ross,m,f,scifi_authors
Roy,m,f,scifi_authors
Rudy,m,f,scifi_authors
Sam,,f,scifi_authors
Samuel,m,f,scifi_authors
Sara,f,f,scifi_authors
Sarah,f,f,scifi_authors
Satyajit,,f,scifi_authors
Scott,m,f,scifi_authors
Sean,m,f,scifi_authors
Sergey,m,f,scifi_authors
Shariann,f,f,scifi_authors
Sharon,f,f,scifi_authors
Shauna,f,f,scifi_authors
Sheila,f,f,scifi_authors
Sheri,f,f,scifi_authors
Shinichi,,f,scifi_authors
Shumil,,f,scifi_authors
Simon,m,f,scifi_authors
Somtow,,f,scifi_authors
Sonny,,f,scifi_authors
Stan,m,f,scifi_authors
Stanislaw,m,f,scifi_authors
Stanley,m,f,scifi_authors
Stanton,m,f,scifi_authors
Stefan,m,f,scifi_authors
Stel,m,f,scifi_authors
Stephen,m,f,scifi_authors
Sterling,m,f,scifi_authors
Steve,m,f,scifi_authors
Steven,m,f,scifi_authors
Sujatha,f,f,scifi_authors
Suzanne,f,f,scifi_authors
Suzette,f,f,scifi_authors
Suzy,f,f,scifi_authors
Sydney,,f,scifi_authors
Syne,,f,scifi_authors
Tad,m,f,scifi_authors
Tais,,f,scifi_authors
Tananarive,,f,scifi_authors
Tanith,,f,scifi_authors
Tara,f,f,scifi_authors
Ted,m,f,scifi_authors
Terry,,f,scifi_authors
Tetsu,,f,scifi_authors
Theodore,m,f,scifi_authors
Thomas,m,f,scifi_authors
Tim,m,f,scifi_authors
Timothy,m,f,scifi_authors
Tobias,m,f,scifi_authors
Tom,m,f,scifi_authors
Tony,m,f,scifi_authors
Travis,m,f,scifi_authors
Tully,,f,scifi_authors
Ursula,f,f,scifi_authors
Valerio,m,f,scifi_authors
Valery,f,f,scifi_authors
Van,m,f,scifi_authors
Vercors,m,f,scifi_authors
Vernor,m,f,scifi_authors
Vincent,m,f,scifi_authors
Vitaly,,f,scifi_authors
Vladimir,m,f,scifi_authors
Vonda,f,f,scifi_authors
Wade,m,f,scifi_authors
Wallace,m,f,scifi_authors
Walter,m,f,scifi_authors
Ward,m,f,scifi_authors
Werner,m,f,scifi_authors
Wil,m,f,scifi_authors
William,m,f,scifi_authors
Wilmar,m,f,scifi_authors
Wilson,m,f,scifi_authors
Wolfgang,m,f,scifi_authors
Wyman,m,f,scifi_authors
Yevgeny,,f,scifi_authors
Yoon,,f,scifi_authors
Yoshiki,,f,scifi_authors
Yuli,,f,scifi_authors
Yuri,,f,scifi_authors
Yves,,f,scifi_authors
Zenna,f,f,scifi_authors
Zoran,m,f,scifi_authors
